{
	"variables": [],
	"info": {
		"name": "rust-blockchain",
		"_postman_id": "48bc9439-7670-da27-ee9e-8c3ff3c5cc79",
		"description": "",
		"schema": "https://schema.getpostman.com/json/collection/v2.0.0/collection.json"
	},
	"item": [
		{
			"name": "Get all blocks of the blockchain",
			"request": {
				"url": "http://localhost:8000/blocks",
				"method": "GET",
				"header": [],
				"body": {
					"mode": "raw",
					"raw": ""
				},
				"description": ""
			},
			"response": []
		},
		{
			"name": "Add a new block",
			"request": {
				"url": "http://localhost:8000/blocks",
				"method": "POST",
				"header": [
					{
						"key": "Content-Type",
						"value": "application/json"
					}
				],
				"body": {
					"mode": "raw",
					"raw": "{\n    \"index\": 1,\n    \"timestamp\": 0,\n    \"nonce\": 0,\n    \"previous_hash\": \"0x0\",\n    \"hash\": \"0x0\",\n    \"transactions\": [\n        {\n            \"sender\": \"0\",\n            \"recipient\": \"1\",\n            \"amount\": 1000\n        },\n        {\n            \"sender\": \"0\",\n            \"recipient\": \"2\",\n            \"amount\": 1000\n        }\n    ]\n}"
				},
				"description": ""
			},
			"response": []
		},
		{
			"name": "Add a new transaction to the pool",
			"request": {
				"url": "http://localhost:8000/transactions",
				"method": "POST",
				"header": [
					{
						"key": "Content-Type",
						"value": "application/json",
						"description": ""
					}
				],
				"body": {
					"mode": "raw",
					"raw": "{\n    \"sender\": \"f780b958227ff0bf5795ede8f9f7eaac67e7e06666b043a400026cbd421ce28e\",\n    \"recipient\": \"51df097c03c0a6e64e54a6fce90cb6968adebd85955917ed438e3d3c05f2f00f\",\n    \"amount\": 1002\n}"
				},
				"description": ""
			},
			"response": []
		}
	]
}